*column definitions at bottom of table,,,
SARS-CoV-2 peptide,peptideFDR,gene,MHC
AMDEFIERY,0.000675426467763294,orf1ab,A01:01
ATEETFKLSY,0.00195951730836959,orf1ab,A01:01
ATSRTLSYY,0.00389559350069111,M,A01:01
CSDKAYKIEELFY,0.0185040691282828,orf1ab,A01:01
CTDDNALAY,0.000174656238822409,orf1ab,A01:01
CTDDNALAYY,0.000174656238822409,orf1ab,A01:01
DTDFVNEFY,3.62590437321375E-05,orf1ab,A01:01
FADDLNQLTGY,0.00930770721475554,orf1ab,A01:01
FIDTKRGVY,0.0146405821674325,orf1ab,A01:01
FTSDYYQLY,0.000174656238822409,ORF3a,A01:01
GTDLEGNFY,3.62590437321375E-05,orf1ab,A01:01
HTDFSSEIIGY,0.003418422409241,orf1ab,A01:01
ISDYDYYRY,3.62590437321375E-05,orf1ab,A01:01
ITDVFYKENSY,0.011144754691352,orf1ab,A01:01
IVDTVSALVY,0.00070967248846816,orf1ab,A01:01
KSDGTGTIY,0.00278308255391623,orf1ab,A01:01
LSDDAVVCFNSTY,0.0143500944260152,orf1ab,A01:01
LTDEMIAQY,3.62590437321375E-05,S,A01:01
LTENLLLY,0.0185040691282828,orf1ab,A01:01
LTNDNTSRY,0.000865687444598025,orf1ab,A01:01
MADQAMTQMY,0.011144754691352,orf1ab,A01:01
PTDNYITTY,0.000865687444598025,orf1ab,A01:01
STDGNKIADKY,0.003418422409241,orf1ab,A01:01
STECSNLLLQY,0.000785953074700839,S,A01:01
TSDYYQLY,0.0185040691282828,ORF3a,A01:01
TTDPSFLGRY,3.62590437321375E-05,orf1ab,A01:01
TVDSSQGSEY,0.0467836257309941,orf1ab,A01:01
VTDVTQLY,0.000172230457727653,orf1ab,A01:01
VTDVTQLYL,0.0144372407484404,orf1ab,A01:01
VTDVTQLYLGGMSY,0.00411201536184062,orf1ab,A01:01
VVDDPCPIHFY,0.011144754691352,ORF8,A01:01
VVDKYFDCY,0.000808734323242892,orf1ab,A01:01
VVDYGARFY,0.00351750711675523,orf1ab,A01:01
YADVFHLYLQY,0.0185040691282828,orf1ab,A01:01
ALSKGVHFV,0.00348266857838303,ORF3a,A02:01
ALWEIQQVV,0.00279866620391799,orf1ab,A02:01
FLAFVVFLL,0.038661720840096,E,A02:01
FLAHIQWMV,0.0128075910817623,orf1ab,A02:01
FLLNKEMYL,0.00322960269552474,orf1ab,A02:01
FLLPSLATV,0.00115371468356817,orf1ab,A02:01
FLNRFTTTL,0.0272666873293309,orf1ab,A02:01
ILFTRFFYV,0.038661720840096,orf1ab,A02:01
KLIEYTDFA,0.038661720840096,orf1ab,A02:01
KLSYGIATV,0.038661720840096,orf1ab,A02:01
LLLDDFVEI,0.0284652230361146,orf1ab,A02:01
LLYDANYFL,0.0128075910817623,ORF3a,A02:01
NLSDRVVFV,0.00577829394698629,orf1ab,A02:01
SMWALIISV,0.0138111709799601,orf1ab,A02:01
TLMNVLTLV,0.0138111709799601,orf1ab,A02:01
TMADLVYAL,0.0025641625796886,orf1ab,A02:01
VLWAHGFEL,0.0284652230361146,orf1ab,A02:01
YLATALLTL,0.00457527048532672,orf1ab,A02:01
YLDAYNMMI,0.0310684893107818,orf1ab,A02:01
YLFDESGEFKL,0.0140169109538588,orf1ab,A02:01
YLNTLTLAV,0.038661720840096,orf1ab,A02:01
YLQPRTFLL,0.00717788071615252,S,A02:01
YLYALVYFL,0.0138111709799601,ORF3a,A02:01
ALSKGVHFV,0.00528781678662174,ORF3a,A02:02
FIAGLIAIV,0.0316933908433036,S,A02:02
FLAHIQWMV,0.0118377462219022,orf1ab,A02:02
FLLNKEMYL,0.00814893011875985,orf1ab,A02:02
FLLPSLATV,0.007589900611932,orf1ab,A02:02
FLNRFTTTL,0.0118377462219022,orf1ab,A02:02
FLPRVFSAV,0.0316933908433036,orf1ab,A02:02
FVNEFYAYL,0.0118377462219022,orf1ab,A02:02
KIADYNYKL,0.0166963409279236,S,A02:02
KLSYGIATV,0.0261742251555515,orf1ab,A02:02
LLYDANYFL,0.0118377462219022,ORF3a,A02:02
NLSDRVVFV,0.00703318418562892,orf1ab,A02:02
QMAPISAMV,0.0488218042770007,orf1ab,A02:02
SLPGVFCGV,0.0416347997947583,orf1ab,A02:02
TLMNVLTLV,0.0316933908433036,orf1ab,A02:02
TMADLVYAL,0.00343266388057545,orf1ab,A02:02
VLNDILSRL,0.0118377462219022,S,A02:02
VMVELVAEL,0.0403198541918238,orf1ab,A02:02
YLATALLTL,0.0118377462219022,orf1ab,A02:02
YLNTLTLAV,0.0316933908433036,orf1ab,A02:02
YLQPRTFLL,0.00343266388057545,S,A02:02
YLTNDVSFL,0.0118377462219022,orf1ab,A02:02
ALSKGVHFV,0.000533320910198861,ORF3a,A02:03
FLAHIQWMV,0.0276683206094802,orf1ab,A02:03
FLLNKEMYL,0.0417635987045875,orf1ab,A02:03
FLLPSLATV,0.000533320910198861,orf1ab,A02:03
FLNGSCGSV,0.0276683206094802,orf1ab,A02:03
FLNRFTTTL,0.00916721465976752,orf1ab,A02:03
FLPRVFSAV,0.00916721465976752,orf1ab,A02:03
GLNDNLLEI,0.0147863089896817,orf1ab,A02:03
KLKDCVMYA,0.0174747288059875,orf1ab,A02:03
KLSYGIATV,0.0020709069261523,orf1ab,A02:03
MLAKALRKV,0.00625037363165968,orf1ab,A02:03
NLSDRVVFV,0.00136201955527709,orf1ab,A02:03
RLANECAQV,0.0432955967431928,orf1ab,A02:03
SLPGVFCGV,0.0450857031469979,orf1ab,A02:03
TLATHGLAAV,0.0276683206094802,orf1ab,A02:03
TLIGDCATV,0.0432955967431928,orf1ab,A02:03
TLMNVLTLV,0.00916721465976752,orf1ab,A02:03
TMADLVYAL,0.00602920656469326,orf1ab,A02:03
VLAWLYAAV,0.0276683206094802,orf1ab,A02:03
VLNDILSRL,0.0020709069261523,S,A02:03
YLATALLTL,0.0020709069261523,orf1ab,A02:03
YLNTLTLAV,0.00916721465976752,orf1ab,A02:03
YLQPRTFLL,0.0450857031469979,S,A02:03
ALSKGVHFV,0.0423394653736201,ORF3a,A02:05
FLLPSLATV,0.0423394653736201,orf1ab,A02:05
YLQPRTFLL,0.0477072893312442,S,A02:05
ALWEIQQVV,0.0298075619834569,orf1ab,A02:06
FLAHIQWMV,0.0483787655228882,orf1ab,A02:06
FLLPSLATV,0.0161544479280973,orf1ab,A02:06
KIADYNYKL,0.03788149117977,S,A02:06
LLYDANYFL,0.0483787655228882,ORF3a,A02:06
SLPGVFCGV,0.0360950945893424,orf1ab,A02:06
TLMNVLTLV,0.0483787655228882,orf1ab,A02:06
TVYSHLLLV,0.0360950945893424,ORF3a,A02:06
YLQPRTFLL,0.0298075619834569,S,A02:06
YVWKSYVHV,0.0483787655228882,orf1ab,A02:06
ALSKGVHFV,0.0490262136104293,ORF3a,A02:07
ALWEIQQVV,0.028968372104913,orf1ab,A02:07
FLAHIQWMV,0.0322505029345337,orf1ab,A02:07
FLLPSLATV,0.00274497349043782,orf1ab,A02:07
FLPRVFSAV,0.00823041312568056,orf1ab,A02:07
FVDGVPFVV,0.0348327176659123,orf1ab,A02:07
LLDDFVEII,0.0132295196896943,orf1ab,A02:07
SLPGVFCGV,0.00696155776880481,orf1ab,A02:07
TMADLVYAL,0.0303776882956189,orf1ab,A02:07
YIDIGNYTV,0.0169023720199062,ORF8,A02:07
YLQPRTFLL,0.0193312561881211,S,A02:07
ALSKGVHFV,0.00534682418916949,ORF3a,A02:11
ALWEIQQVV,0.00685429885043314,orf1ab,A02:11
FLAFVVFLL,0.0264299097438746,E,A02:11
FLAHIQWMV,0.0105130124260022,orf1ab,A02:11
FLLNKEMYL,0.011886741379228,orf1ab,A02:11
FLLPSLATV,0.0028920554629151,orf1ab,A02:11
ILFTRFFYV,0.0264299097438746,orf1ab,A02:11
KLLEQWNLV,0.0249163025779259,M,A02:11
KLSYGIATV,0.0194364284714404,orf1ab,A02:11
LLYDANYFL,0.0105130124260022,ORF3a,A02:11
NLIDSYFVV,0.0455582759706518,orf1ab,A02:11
NLSDRVVFV,0.0231705321087851,orf1ab,A02:11
SLVKPSFYV,0.0233719036578065,E,A02:11
SMWALIISV,0.0105130124260022,orf1ab,A02:11
TLMNVLTLV,0.0378869511508513,orf1ab,A02:11
TMADLVYAL,0.00563741246032001,orf1ab,A02:11
VLWAHGFEL,0.0233719036578065,orf1ab,A02:11
YLATALLTL,0.0455582759706518,orf1ab,A02:11
YLQPRTFLL,0.00563741246032001,S,A02:11
YLYALVYFL,0.0105130124260022,ORF3a,A02:11
ALAYYNTTK,0.00953864369032742,orf1ab,A03:01
ALCTFLLNK,0.00292165046569653,orf1ab,A03:01
ASMPTTIAK,0.00724933832025936,orf1ab,A03:01
GVAMPNLYK,0.00319030797978356,orf1ab,A03:01
GVYFASTEK,0.00451311860554748,S,A03:01
GVYYHKNNK,0.0346211190379255,S,A03:01
KLFAAETLK,0.00451311860554748,orf1ab,A03:01
KLFDRYFKY,0.00270787116332849,orf1ab,A03:01
KMADQAMTQMYK,0.0319789810060838,orf1ab,A03:01
KMQRMLLEK,0.0319789810060838,orf1ab,A03:01
KSAGFPFNK,0.00451311860554748,orf1ab,A03:01
KTFPPTEPK,0.00451311860554748,N,A03:01
KTFPPTEPKK,0.0125537322131321,N,A03:01
KTIQPRVEK,0.0102551615262206,orf1ab,A03:01
KVAGFAKFLK,0.0319789810060838,orf1ab,A03:01
QTFFKLVNK,0.0156742047748129,orf1ab,A03:01
RLFRKSNLK,0.00451311860554748,S,A03:01
RLISMMGFK,0.0125537322131321,orf1ab,A03:01
RQFHQKLLK,0.00451311860554748,orf1ab,A03:01
STFNVPMEK,0.00114692890182302,orf1ab,A03:01
TSFGPLVRK,0.0207726714227553,orf1ab,A03:01
TTIKPVTYK,0.00270787116332849,orf1ab,A03:01
VLSGHNLAK,0.00953864369032742,orf1ab,A03:01
VTNNTFTLK,0.00451311860554748,orf1ab,A03:01
VTYVPAQEK,0.0293857303053611,S,A03:01
VVYRGTTTYK,0.00114692890182302,orf1ab,A03:01
AIDAYPLTK,0.0264008481324517,orf1ab,A11:01
AIVSTIQRK,0.0439105573929933,orf1ab,A11:01
ALCTFLLNK,0.00238992290437736,orf1ab,A11:01
ASANLAATK,0.00373039626771816,S,A11:01
ASMPTTIAK,0.000873002926210382,orf1ab,A11:01
ATAEAELAK,0.00899958099587007,orf1ab,A11:01
ATSRTLSYYK,0.0296386776678364,M,A11:01
ATVVIGTSK,0.00611249736812228,orf1ab,A11:01
AVAKHDFFK,0.0108265636040542,orf1ab,A11:01
AVFDKNLYDK,0.000873002926210382,orf1ab,A11:01
AVLQSGFRK,0.00210611955948255,orf1ab,A11:01
GTHWFVTQR,0.0413164114621761,S,A11:01
GTLSYEQFK,0.0108265636040542,orf1ab,A11:01
GTLSYEQFKK,0.0486857007501509,orf1ab,A11:01
GVAMPNLYK,0.00253367766554291,orf1ab,A11:01
GVYFASTEK,0.00373039626771816,S,A11:01
HVVGPNVNK,0.0149054788414467,orf1ab,A11:01
IINNTVYTK,0.0267316858283471,orf1ab,A11:01
KSAGFPFNK,0.00373039626771816,orf1ab,A11:01
KTFPPTEPK,0.00373039626771816,N,A11:01
KTFPPTEPKK,0.00373039626771816,N,A11:01
KTIQPRVEK,0.00899958099587007,orf1ab,A11:01
KTQFNYYKK,0.0102122904917675,orf1ab,A11:01
KVAGFAKFLK,0.0108265636040542,orf1ab,A11:01
MTNRQFHQK,0.0296386776678364,orf1ab,A11:01
QTFFKLVNK,0.00215551681993949,orf1ab,A11:01
QVVNVVTTK,0.0102761321705537,orf1ab,A11:01
SASKIITLK,0.00215551681993949,ORF3a,A11:01
SIINNTVYTK,0.0267316858283471,orf1ab,A11:01
STFNVPMEK,0.000873002926210382,orf1ab,A11:01
STMTNRQFHQK,0.0292718623501651,orf1ab,A11:01
TSFGPLVRK,0.00215551681993949,orf1ab,A11:01
TTIKPVTYK,0.000873002926210382,orf1ab,A11:01
TVIEVQGYK,0.0267316858283471,orf1ab,A11:01
VTNNTFTLK,0.00373039626771816,orf1ab,A11:01
VTYVPAQEK,0.00899958099587007,S,A11:01
VVYRGTTTYK,0.0108265636040542,orf1ab,A11:01
AYANSVFNI,0.0121193708487076,orf1ab,A23:01
AYILFTRFF,0.00972885274552217,orf1ab,A23:01
AYVNTFSSTF,0.015232853025231,orf1ab,A23:01
CYFGLFCLL,0.0384776437707847,orf1ab,A23:01
CYFPLQSYGF,0.015232853025231,S,A23:01
FYLTNDVSF,0.00118592615729364,orf1ab,A23:01
GYKSVNITF,0.0146419233820109,orf1ab,A23:01
IYLYLTFYL,0.0163584332980314,orf1ab,A23:01
IYNDKVAGF,0.00085890997438543,orf1ab,A23:01
IYTELEPPCRF,0.0358300994746298,orf1ab,A23:01
KFTDGVCLF,0.0384776437707847,orf1ab,A23:01
LYDKLVSSF,0.0344401387191485,orf1ab,A23:01
LYLYALVYF,0.015232853025231,ORF3a,A23:01
LYNSASFSTF,0.015232853025231,S,A23:01
MYASAVVLL,0.0146419233820109,orf1ab,A23:01
MYMGTLSYEQF,0.015232853025231,orf1ab,A23:01
NYLKRRVVF,0.0499214257543371,orf1ab,A23:01
NYMPYFFTL,0.000365158054081941,orf1ab,A23:01
QYIKWPWYI,0.00147732515594294,S,A23:01
RYPANSIVCRF,0.0358300994746298,orf1ab,A23:01
SYFIASFRL,0.0167336267222981,M,A23:01
SYFIASFRLF,0.00479791839636515,M,A23:01
SYFVVKRHTF,0.0464864652666534,orf1ab,A23:01
TFFKLVNKF,0.0045083888379638,orf1ab,A23:01
TYACWHHSI,0.0163584332980314,orf1ab,A23:01
TYKPNTWCI,0.0163584332980314,orf1ab,A23:01
TYLEGSVRVVTTF,0.0393601585361697,orf1ab,A23:01
VYDPLQPEL,0.0290240847408937,S,A23:01
VYFLQSINF,0.00278948743974718,ORF3a,A23:01
VYIGDPAQL,0.00914176680398204,orf1ab,A23:01
VYMPASWVM,0.00278948743974718,orf1ab,A23:01
VYMPASWVMRI,0.030888016788474,orf1ab,A23:01
VYSTGSNVF,0.0369849765555388,S,A23:01
VYYTSNPTTF,0.000365158054081941,orf1ab,A23:01
YFIASFRLF,0.00147732515594294,M,A23:01
YFTSDYYQL,0.0499214257543371,ORF3a,A23:01
YFVVKRHTF,0.0464864652666534,orf1ab,A23:01
YYHTTDPSF,0.0146419233820109,orf1ab,A23:01
YYKKDNSYF,0.0499214257543371,orf1ab,A23:01
YYTSNPTTF,0.00147732515594294,orf1ab,A23:01
AYANSVFNI,0.0236973321278869,orf1ab,A24:02
AYVNTFSSTF,0.00733021311959291,orf1ab,A24:02
CYFPLQSYGF,0.0298927130763541,S,A24:02
FFASFYYVW,0.0298927130763541,orf1ab,A24:02
FYLTNDVSF,0.0204016766663927,orf1ab,A24:02
GYINVFAFPF,0.0298927130763541,ORF10,A24:02
GYKSVNITF,0.0221279723843182,orf1ab,A24:02
IYLYLTFYL,0.0196703345113833,orf1ab,A24:02
IYNDKVAGF,0.000290176412572127,orf1ab,A24:02
LYALVYFLQSINF,0.0298927130763541,ORF3a,A24:02
LYDKLVSSF,0.00488739563966681,orf1ab,A24:02
LYIIKLIFLW,0.0298927130763541,M,A24:02
LYLTFYLTNDVSF,0.0298927130763541,orf1ab,A24:02
LYLYALVYF,0.0196703345113833,ORF3a,A24:02
LYNSASFSTF,0.00733021311959291,S,A24:02
MYASAVVLL,0.00742730203508421,orf1ab,A24:02
MYASAVVLLI,0.0298927130763541,orf1ab,A24:02
MYIFFASFYYVW,0.0298927130763541,orf1ab,A24:02
MYMGTLSYEQF,0.0298927130763541,orf1ab,A24:02
NYMPYFFTL,9.73983436981226E-05,orf1ab,A24:02
NYMPYFFTLL,0.0298927130763541,orf1ab,A24:02
NYMPYFFTLLL,0.0298927130763541,orf1ab,A24:02
NYMPYFFTLLLQL,0.0298927130763541,orf1ab,A24:02
QYIKWPWYI,0.000430800366357081,S,A24:02
QYIKWPWYIW,0.0298927130763541,S,A24:02
QYIKWPWYIWLGF,0.0298927130763541,S,A24:02
RYLALYNKYKYF,0.0298927130763541,orf1ab,A24:02
RYPANSIVCRF,0.00733021311959291,orf1ab,A24:02
TYACWHHSI,0.00660239054034255,orf1ab,A24:02
TYASALWEI,0.00660239054034255,orf1ab,A24:02
TYKPNTWCI,0.0298927130763541,orf1ab,A24:02
TYLEGSVRVVTTF,0.0236973321278869,orf1ab,A24:02
VYFLQSINF,0.00131379084432262,ORF3a,A24:02
VYIGDPAQL,0.00450610945501195,orf1ab,A24:02
VYMPASWVM,0.00179830945357636,orf1ab,A24:02
VYMPASWVMRI,0.00675835252161049,orf1ab,A24:02
VYMPASWVMRIMTW,0.0298927130763541,orf1ab,A24:02
VYSSANNCTF,0.00795406104466465,S,A24:02
VYSTGSNVF,0.00668983942167159,S,A24:02
VYSVIYLYL,0.0196703345113833,orf1ab,A24:02
VYSVIYLYLTF,0.0298927130763541,orf1ab,A24:02
VYYTSNPTTF,9.73983436981226E-05,orf1ab,A24:02
YYDSMSYEDQDALF,0.0298927130763541,orf1ab,A24:02
YYHTTDPSF,0.0221279723843182,orf1ab,A24:02
YYKKDNSYF,0.018367663351689,orf1ab,A24:02
YYSQLMCQPI,0.0298927130763541,orf1ab,A24:02
YYTSNPTTF,0.000430800366357081,orf1ab,A24:02
DIYNDKVAGF,0.0285382231404959,orf1ab,A25:01
DTLKEILVTY,0.0447658402203857,orf1ab,A25:01
DTVIEVQGY,0.0465223863984194,orf1ab,A25:01
DTYNLWNTF,0.00898727919060376,orf1ab,A25:01
DVFHLYLQY,0.0465223863984194,orf1ab,A25:01
DVFYKENSY,0.0181437306953836,orf1ab,A25:01
DVLLPLTQY,0.0465223863984194,orf1ab,A25:01
DVTDVTQLY,0.00864794640621087,orf1ab,A25:01
EAIRHVRAW,0.00180165550129393,orf1ab,A25:01
EAVMYMGTLSY,0.0395440284386565,orf1ab,A25:01
EAVMYMGTLSYEQF,0.0395440284386565,orf1ab,A25:01
EIAIILASF,0.0023149052460646,orf1ab,A25:01
EIKESVQTF,4.27468298278975E-05,orf1ab,A25:01
EIVDTVSAL,4.27468298278975E-05,orf1ab,A25:01
ETICAPLTVF,0.0295656287391825,orf1ab,A25:01
ETIQITISSF,4.27468298278975E-05,orf1ab,A25:01
ETIQITISSFKW,0.0395440284386565,orf1ab,A25:01
ETISLAGSY,0.000289363155758076,orf1ab,A25:01
ETKAIVSTI,0.0395440284386565,orf1ab,A25:01
ETKCTLKSF,0.00494300355483207,S,A25:01
ETTADIVVF,0.0295656287391825,orf1ab,A25:01
EVARDLSLQF,0.0295656287391825,orf1ab,A25:01
EVAVKMFDAY,0.0395440284386565,orf1ab,A25:01
EVVDKYFDCY,0.0144132440103514,orf1ab,A25:01
FTSDYYQLY,0.0465223863984194,ORF3a,A25:01
FVFKNIDGY,0.0465223863984194,S,A25:01
FVVEVVDKY,0.0465223863984194,orf1ab,A25:01
GVVQLTSQW,0.0473484848484848,orf1ab,A25:01
LVAEWFLAY,0.0395440284386565,orf1ab,A25:01
NTVKSVGKF,0.00581529829980243,orf1ab,A25:01
QTFSVLACY,0.0395440284386565,orf1ab,A25:01
QVVDMSMTY,0.0465223863984194,orf1ab,A25:01
TILDGISQY,0.0465223863984194,orf1ab,A25:01
VVIPDYNTY,0.0465223863984194,orf1ab,A25:01
YTPSKLIEY,0.0465223863984194,orf1ab,A25:01
CVADYSVLY,0.0229732510288066,S,A26:01
DTLKEILVTY,0.0105505401234568,orf1ab,A26:01
DTVIEVQGY,0.00125005683838846,orf1ab,A26:01
DVFHLYLQY,0.000239594227357788,orf1ab,A26:01
DVFYKENSY,0.0105505401234568,orf1ab,A26:01
DVLLPLTQY,0.0214068930041152,orf1ab,A26:01
DVTDVTQLY,5.19120825941873E-05,orf1ab,A26:01
EIAIILASF,0.00548805441243713,orf1ab,A26:01
EIKESVQTF,0.000133488212385053,orf1ab,A26:01
EIVDTVSAL,5.19120825941873E-05,orf1ab,A26:01
EIVDTVSALVY,0.0127993827160494,orf1ab,A26:01
ETIQITISSF,0.000217306392254738,orf1ab,A26:01
ETISLAGSY,0.000270845648317499,orf1ab,A26:01
ETISLAGSYKDWSY,0.02059670781893,orf1ab,A26:01
ETKCTLKSF,0.0201286008230453,S,A26:01
EVAVKMFDAY,0.02059670781893,orf1ab,A26:01
EVGPEHSLAEY,0.0436574074074074,orf1ab,A26:01
EVVDKYFDCY,0.00367854080932785,orf1ab,A26:01
FTSDYYQLY,0.0229732510288066,ORF3a,A26:01
FVFKNIDGY,0.00523279606767261,S,A26:01
FVVEVVDKY,0.000239594227357788,orf1ab,A26:01
NVIPTITQM,0.0224511316872428,orf1ab,A26:01
QVVDMSMTY,0.00523279606767261,orf1ab,A26:01
TILDGISQY,0.00511386888431641,orf1ab,A26:01
TTYPGQGLNGY,0.0436574074074074,orf1ab,A26:01
WTAGAAAYY,0.00497753772290809,S,A26:01
AIMQLFFSY,0.0159057258026773,orf1ab,A29:02
ALCEKALKY,0.0260068535410272,orf1ab,A29:02
CVADYSVLY,0.0182022744479837,S,A29:02
EYADVFHLY,0.00457106804701264,orf1ab,A29:02
FAIGLALYY,0.000591729857102867,orf1ab,A29:02
FLFVAAIFY,0.0236376758456454,orf1ab,A29:02
FLTENLLLY,0.00198193855752526,orf1ab,A29:02
FLYLYALVY,0.0182022744479837,ORF3a,A29:02
FTSDYYQLY,0.00198193855752526,ORF3a,A29:02
GVYSVIYLY,0.00198193855752526,orf1ab,A29:02
HFYWFFSNY,0.0173664557233314,orf1ab,A29:02
KLFDRYFKY,0.00153739159135137,orf1ab,A29:02
LVAEWFLAY,0.00612198798880026,orf1ab,A29:02
MMSAPPAQY,0.0217080696541642,orf1ab,A29:02
SFYEDFLEY,0.000591729857102867,ORF8,A29:02
SMMGFKMNY,0.00765248498600033,orf1ab,A29:02
VMYMGTLSY,0.00765248498600033,orf1ab,A29:02
YANRNRFLY,0.0439256275741272,M,A29:02
YFKYWDQTY,0.0419086344712336,orf1ab,A29:02
YIFFASFYY,0.00198193855752526,orf1ab,A29:02
YILFTRFFY,0.00612198798880026,orf1ab,A29:02
AMRPNFTIK,0.018820297124652,orf1ab,A30:01
ASKIITLKK,0.0217381726478539,ORF3a,A30:01
ASMPTTIAK,0.018820297124652,orf1ab,A30:01
KTFPPTEPK,0.00792153749031963,N,A30:01
KTIQPRVEK,0.00792153749031963,orf1ab,A30:01
KVKYLYFIK,0.0400797558194806,orf1ab,A30:01
AIMQLFFSY,0.0177583712166906,orf1ab,A30:02
ATSRTLSYY,0.0326627954136373,M,A30:02
AVKTQFNYY,0.00950745241597425,orf1ab,A30:02
GTFTCASEY,0.0404628659601776,orf1ab,A30:02
GVYSVIYLY,0.049516201266336,orf1ab,A30:02
HSIGFDYVY,0.049516201266336,orf1ab,A30:02
HSYFTSDYY,0.049516201266336,ORF3a,A30:02
IQYIDIGNY,0.049516201266336,ORF8,A30:02
KIEELFYSY,0.0328406420769857,orf1ab,A30:02
KLFDRYFKY,0.00464871016510081,orf1ab,A30:02
KMADQAMTQMY,0.0196732755340295,orf1ab,A30:02
KMNYQVNGY,0.00453951227531656,orf1ab,A30:02
KNFKSVLYY,0.0372647700251807,orf1ab,A30:02
KVNSTLEQY,0.016354788611935,orf1ab,A30:02
LTNDNTSRY,0.049516201266336,orf1ab,A30:02
LVKPSFYVY,0.0159706157250774,E,A30:02
MMSAPPAQY,0.0159706157250774,orf1ab,A30:02
MSNLGMPSY,0.049516201266336,orf1ab,A30:02
RLYYDSMSY,0.00453951227531656,orf1ab,A30:02
RVAGDSGFAAY,0.029662814406231,M,A30:02
RVFSAVGNICY,0.00843140380029836,orf1ab,A30:02
RYLALYNKY,0.0156500714375401,orf1ab,A30:02
SFYEDFLEY,0.0372647700251807,ORF8,A30:02
SMMGFKMNY,0.0372647700251807,orf1ab,A30:02
STNVTIATY,0.0159706157250774,orf1ab,A30:02
TLKEILVTY,0.0448260204282082,orf1ab,A30:02
VMYMGTLSY,0.0159706157250774,orf1ab,A30:02
VVIPDYNTY,0.0328406420769857,orf1ab,A30:02
VVYRGTTTY,0.0176927444399997,orf1ab,A30:02
WTAGAAAYY,0.049516201266336,S,A30:02
AVHECFVKR,0.00331732835463345,orf1ab,A31:01
AVILRGHLR,0.0383630968432045,M,A31:01
GTHWFVTQR,0.00331732835463345,S,A31:01
GVKHVYQLR,0.0208290433780589,ORF7a,A31:01
KSNLKPFER,0.00331732835463345,S,A31:01
KTPKYKFVR,0.0285029014647121,orf1ab,A31:01
RIAGHHLGR,0.0285029014647121,M,A31:01
RVCGVSAAR,0.0116284843398979,orf1ab,A31:01
RVKNLNSSR,0.0116284843398979,E,A31:01
RVVRSIFSR,0.0116284843398979,orf1ab,A31:01
RVYANLGER,0.0116284843398979,orf1ab,A31:01
SVSPKLFIR,0.0121452524533907,ORF7a,A31:01
SVYAWNRKR,0.00331732835463345,S,A31:01
VVSTGYHFR,0.0285029014647121,orf1ab,A31:01
VYYPDKVFR,0.0065942014854299,S,A31:01
AVHFISNSW,0.0145695230726057,orf1ab,A32:01
KAYNVTQAF,0.0010129152549079,N,A32:01
KIADYNYKL,0.00823685338583756,S,A32:01
KLAKKFDTF,0.00857721922822754,orf1ab,A32:01
KLASHMYCSF,0.0471943661566498,orf1ab,A32:01
KLFDRYFKY,0.000494204620338128,orf1ab,A32:01
KLFDRYFKYW,0.00638824140435697,orf1ab,A32:01
KLLHKPIVW,0.000223654645700467,orf1ab,A32:01
KLMGHFAWW,0.0125736814942899,orf1ab,A32:01
KLMGHFAWWTAF,0.0471943661566498,orf1ab,A32:01
KMFDAYVNTF,0.000972720205109967,orf1ab,A32:01
KMKDLSPRW,0.00973446309235348,N,A32:01
KQFDTYNLW,0.00380190109376389,orf1ab,A32:01
KSHNIALIW,0.0471943661566498,orf1ab,A32:01
KSYELQTPF,0.0165352523760525,orf1ab,A32:01
RLFARTRSMW,0.00638824140435697,M,A32:01
RLFARTRSMWSF,0.0471943661566498,M,A32:01
RLRAKHYVY,0.0239777828053947,orf1ab,A32:01
RMYIFFASF,0.0125736814942899,orf1ab,A32:01
RTIKGTHHW,0.000494204620338128,orf1ab,A32:01
RTIKVFTTV,0.0206109390659314,orf1ab,A32:01
RTNVYLAVF,0.0471943661566498,orf1ab,A32:01
RVYSSANNCTF,0.0277837800760922,S,A32:01
SMMGFKMNY,0.037304096325942,orf1ab,A32:01
DTANPKTPK,0.0499582494154961,orf1ab,A66:01
ETISLAGSYK,0.00331309349882588,orf1ab,A66:01
ETKAIVSTIQR,0.0411786962330338,orf1ab,A66:01
EVVENPTIQK,0.00751437802074126,orf1ab,A66:01
EVVGDIILK,0.00105049306060333,orf1ab,A66:01
FTIGTVTLK,0.017151351901939,ORF3a,A66:01
HVVGPNVNK,0.0121784747232703,orf1ab,A66:01
LVIGAVILR,0.0411786962330338,M,A66:01
QVVNVVTTK,0.0121784747232703,orf1ab,A66:01
STFNVPMEK,0.0413447581369623,orf1ab,A66:01
ETAHSCNVNR,0.0104195680144907,orf1ab,A68:01
ETFVTHSKGLYR,0.0272001953616323,orf1ab,A68:01
ETISLAGSYK,0.00110922873702438,orf1ab,A68:01
EVNSFSGYLK,0.03320023845611,orf1ab,A68:01
EVVENPTIQK,0.0108111186173758,orf1ab,A68:01
EVVGDIILK,0.0171284590142762,orf1ab,A68:01
FAVSKGFFK,0.0412002959154136,orf1ab,A68:01
FSSEIIGYK,0.0412002959154136,orf1ab,A68:01
FTALTQHGK,0.0412002959154136,N,A68:01
FTIGTVTLK,0.0109224956033065,ORF3a,A68:01
GAMDTTSYR,0.0412002959154136,orf1ab,A68:01
GVAPGTAVLR,0.0426548518171052,orf1ab,A68:01
HTTDPSFLGR,0.00418407604480522,orf1ab,A68:01
HVASCDAIMTR,0.0212112634580703,orf1ab,A68:01
HVGEIPVAYR,0.0260047495131508,orf1ab,A68:01
LVASIKNFK,0.0412002959154136,orf1ab,A68:01
LVIGAVILR,0.0412002959154136,M,A68:01
NSASFSTFK,0.0412002959154136,S,A68:01
QTMLFTMLR,0.0133318696334477,orf1ab,A68:01
QVVNVVTTK,0.0176603987352164,orf1ab,A68:01
SASKIITLK,0.0268097619353888,ORF3a,A68:01
STFNVPMEK,0.0268097619353888,orf1ab,A68:01
STTTNIVTR,0.00110922873702438,orf1ab,A68:01
SVSPKLFIR,0.0176603987352164,ORF7a,A68:01
TSFGPLVRK,0.0268097619353888,orf1ab,A68:01
TTCCSLSHR,0.0212112634580703,orf1ab,A68:01
TTFDSEYCR,0.00418407604480522,orf1ab,A68:01
TTIKPVTYK,0.0109224956033065,orf1ab,A68:01
TTIVNGVRR,0.0317380269970411,orf1ab,A68:01
TVIEVQGYK,0.0133318696334477,orf1ab,A68:01
TVYDDGARR,0.0102700048372492,orf1ab,A68:01
VTFQSAVKR,0.0129303072950908,orf1ab,A68:01
VVSTGYHFR,0.0271398774680899,orf1ab,A68:01
DISGINASV,0.0180945537394075,S,A68:02
EAANFCALI,0.0285095176002161,orf1ab,A68:02
EAFEKMVSL,0.00553092634544642,orf1ab,A68:02
EAMYTPHTV,0.00283264041578531,orf1ab,A68:02
ETAQNSVRV,0.0110229106510957,orf1ab,A68:02
ETFKLSYGI,0.00926704877746983,orf1ab,A68:02
ETICAPLTV,0.00423958101965219,orf1ab,A68:02
ETKAIVSTI,0.0143804084981607,orf1ab,A68:02
FIAGLIAIV,0.0368490363540208,S,A68:02
FSASTSAFV,0.014247299481008,orf1ab,A68:02
FSYFAVHFI,0.0368490363540208,orf1ab,A68:02
FTISVTTEI,0.014247299481008,S,A68:02
FTVLCLTPV,0.0368490363540208,orf1ab,A68:02
FTYASALWEI,0.0368490363540208,orf1ab,A68:02
FVAAIFYLI,0.0109651990770062,orf1ab,A68:02
FVNEFYAYL,0.00435494376848626,orf1ab,A68:02
HTIDGSSGV,0.014247299481008,ORF3a,A68:02
MSAFAMMFV,0.0368490363540208,orf1ab,A68:02
NATNVVIKV,0.0135261268052007,S,A68:02
NTASWFTAL,0.00951921337005404,N,A68:02
NTFSSTFNV,0.00423958101965219,orf1ab,A68:02
NTQEVFAQV,0.00423958101965219,S,A68:02
NVFAFPFTI,0.00951921337005404,ORF10,A68:02
QSSYIVDSV,0.0467995264254832,orf1ab,A68:02
STSAFVETV,0.00926704877746983,orf1ab,A68:02
SVAALTNNV,0.00129590431977223,orf1ab,A68:02
SVVSKVVKV,0.00692734834355418,orf1ab,A68:02
TTAAKLMVV,0.00951921337005404,orf1ab,A68:02
TTIQTIVEV,0.00129590431977223,orf1ab,A68:02
TVASLINTL,0.00283264041578531,orf1ab,A68:02
TVYSHLLLV,0.0232796604198351,ORF3a,A68:02
YTACSHAAV,0.014247299481008,orf1ab,A68:02
YTMADLVYA,0.0370429786506209,orf1ab,A68:02
YTNSFTRGV,0.0370429786506209,S,A68:02
YTVELGTEV,0.014247299481008,orf1ab,A68:02
FPRGQGVPI,0.0201655360080597,N,B07:02
IPRRNVATL,0.001725879207897,orf1ab,B07:02
KPNELSRVL,0.00517763762369101,orf1ab,B07:02
VPMEKLKTL,0.00409780945618326,orf1ab,B07:02
DLKGKYVQI,0.0330892938226758,orf1ab,B08:01
EAFEKMVSL,0.00930077447988726,orf1ab,B08:01
LMIERFVSL,0.0052773912404906,orf1ab,B08:01
TPKYKFVRI,0.0330062981782248,orf1ab,B08:01
VPMEKLKTL,0.0069919437726924,orf1ab,B08:01
YLKLRSDVL,0.0052773912404906,orf1ab,B08:01
YLQPRTFLL,0.0118258802081341,S,B08:01
AQFAPSASAF,0.00344266973528086,N,B15:01
AQYELKHGTF,0.0140040287471026,orf1ab,B15:01
ILMTARTVY,0.0151491857776539,orf1ab,B15:01
KMFDAYVNTF,0.0264075970659649,orf1ab,B15:01
QLYLGGMSY,0.00290252634482004,orf1ab,B15:01
RLYYDSMSY,0.00278974961307242,orf1ab,B15:01
RQKRTATKAY,0.0180500936925237,N,B15:01
TLKEILVTY,0.00290252634482004,orf1ab,B15:01
VLNEKCSAY,0.00903008196166236,orf1ab,B15:01
VMYMGTLSY,0.00344266973528086,orf1ab,B15:01
VQMAPISAM,0.0110165431528987,orf1ab,B15:01
VVYRGTTTY,0.00290252634482004,orf1ab,B15:01
YLKLTDNVY,0.0354132916419916,orf1ab,B15:01
YQKVGMQKY,0.00290252634482004,orf1ab,B15:01
FAVDAAKAY,0.00968212953966198,orf1ab,B15:02
HVGEIPVAY,0.0347899519890261,orf1ab,B15:02
ILMTARTVY,0.0398401063100137,orf1ab,B15:02
MMSAPPAQY,0.0163716008579739,orf1ab,B15:02
MVMCGGSLY,0.015133412557791,orf1ab,B15:02
NVLEGSVAY,0.0126822260167403,orf1ab,B15:02
QLYLGGMSY,0.00216640825001623,orf1ab,B15:02
RLYYDSMSY,0.0159453946616369,orf1ab,B15:02
SIIQFPNTY,0.0347899519890261,orf1ab,B15:02
TILDGISQY,0.0347899519890261,orf1ab,B15:02
TLKEILVTY,0.00419304822583787,orf1ab,B15:02
VLNEKCSAY,0.0214489311842707,orf1ab,B15:02
VMYMGTLSY,0.0163716008579739,orf1ab,B15:02
VVIPDYNTY,0.0308620541838135,orf1ab,B15:02
VVYRGTTTY,0.00216640825001623,orf1ab,B15:02
YLFDESGEF,0.0415054669638775,orf1ab,B15:02
YLKLTDNVY,0.023203843735711,orf1ab,B15:02
AQFAPSASAF,0.0373806293994254,N,B15:03
AQYELKHGTF,0.00883929413148807,orf1ab,B15:03
GEYSHVVAF,0.0165914023537557,orf1ab,B15:03
KAYNVTQAF,0.0364810955368724,N,B15:03
KKFLPFQQF,0.00271577639561712,S,B15:03
KRVDWTIEY,0.0155129612007616,orf1ab,B15:03
RKAVFISPY,0.0164571310787168,orf1ab,B15:03
RKGGRTIAF,0.0355316950420345,orf1ab,B15:03
RLYYDSMSY,0.0324226717258565,orf1ab,B15:03
VKNGSIHLY,0.00916674980045001,orf1ab,B15:03
YQKVGMQKY,0.0107382780288627,orf1ab,B15:03
ATVHTANKW,0.0283517284287229,orf1ab,B15:17
FTSDYYQLY,0.0427798092052924,ORF3a,B15:17
KAYNVTQAF,0.00476187170898002,N,B15:17
KSHNIALIW,0.0103445495618313,orf1ab,B15:17
KSVNITFEL,0.0395558999466961,orf1ab,B15:17
KSYELQTPF,0.00200556308463798,orf1ab,B15:17
LSFKELLVY,0.0117791951215014,orf1ab,B15:17
LTYTGAIKL,0.00840494651898795,N,B15:17
MSMTYGQQF,0.0178142148442459,orf1ab,B15:17
RSFIEDLLF,0.01849937695364,S,B15:17
RTIKGTHHW,0.00200556308463798,orf1ab,B15:17
SSLPSYAAF,0.0178142148442459,orf1ab,B15:17
VVYRGTTTY,0.0135530194794047,orf1ab,B15:17
KRFDNPVLPF,0.0142615288109357,S,B27:05
KRVDWTIEY,0.00764010472014415,orf1ab,B27:05
KRWQLALSK,0.0117230804370977,ORF3a,B27:05
NRFLYIIKL,0.0116542239113429,M,B27:05
NRFNVAITR,0.0224219484157005,orf1ab,B27:05
QRNAPRITF,0.0256868608658169,N,B27:05
RRLISMMGF,0.0207556178230583,orf1ab,B27:05
RRVVFNGVSF,0.0285898681603414,orf1ab,B27:05
SRYWEPEFY,0.00996890669366402,orf1ab,B27:05
VRFPNITNL,0.00665955652076736,S,B27:05
CPDGVKHVY,0.00694110346161122,ORF7a,B35:01
FACPDGVKHVY,0.0205499081238726,ORF7a,B35:01
FAIGLALYY,0.0118617918311103,orf1ab,B35:01
FAVDAAKAY,0.000815178659150923,orf1ab,B35:01
FPNITNLCPF,0.0450848613241776,S,B35:01
FVVEVVDKY,0.0224526773946016,orf1ab,B35:01
HVGEIPVAY,0.0367054962715712,orf1ab,B35:01
IPFAMQMAY,0.00106127032983799,S,B35:01
IPIGAGICASY,0.0352838045145737,S,B35:01
IPIQASLPF,0.00420910605393374,ORF3a,B35:01
IPMDSTVKNY,0.0275291222036784,orf1ab,B35:01
LPFAMGIIAM,0.0450848613241776,orf1ab,B35:01
LPFFSNVTW,0.0168395080459512,S,B35:01
LPFNDGVYF,0.000240373194365016,S,B35:01
LPGVYSVIY,0.0138722650228239,orf1ab,B35:01
LPSLATVAY,0.000240373194365016,orf1ab,B35:01
LPVNVAFEL,0.011367550504814,orf1ab,B35:01
MPYFFTLLL,0.0450848613241776,orf1ab,B35:01
NVLEGSVAY,0.0367054962715712,orf1ab,B35:01
QPTESIVRF,0.00207338919827517,S,B35:01
SANNCTFEY,0.0356715386301185,S,B35:01
TPAFDKSAF,0.0116970447223448,orf1ab,B35:01
TPSGTWLTY,0.0142743596611666,N,B35:01
VASQSIIAY,0.0367054962715712,S,B35:01
VPFVVSTGY,0.000240373194365016,orf1ab,B35:01
VPFWITIAY,0.000240373194365016,orf1ab,B35:01
VPWDTIANY,0.00106127032983799,orf1ab,B35:01
YPGQGLNGY,0.0367054962715712,orf1ab,B35:01
YPNASFDNF,0.0142743596611666,orf1ab,B35:01
FPFTIYSL,0.0306844135802469,ORF10,B35:03
FPFTIYSLLL,0.0306844135802469,ORF10,B35:03
HPTQAPTHL,0.0178900462962963,orf1ab,B35:03
LPVNVAFEL,0.00457190072016461,orf1ab,B35:03
AELAKNVSL,0.0144603376374158,orf1ab,B37:01
GEYSHVVAF,0.0128536334554807,orf1ab,B37:01
NELSRVLGL,0.0423698004900505,orf1ab,B37:01
SEFDRDAAM,0.049295803032558,orf1ab,B37:01
EHFIETISL,0.0155666321581381,orf1ab,B38:01
FHLDGEVITF,0.00115093067307306,orf1ab,B38:01
MHAASGNLL,0.000242491682691494,orf1ab,B38:01
QHEETIYNL,0.00037433182085386,orf1ab,B38:01
QHEETIYNLL,0.00120239918213664,orf1ab,B38:01
SHFAIGLAL,0.00560496661039879,orf1ab,B38:01
SHSQLGGLHL,0.0290367557956742,orf1ab,B38:01
SHSQLGGLHLL,0.0290367557956742,orf1ab,B38:01
SHVVAFNTL,0.00037433182085386,orf1ab,B38:01
THLSVDTKF,0.00170053598616468,orf1ab,B38:01
YHNESGLKTIL,0.0167946195359077,orf1ab,B38:01
YHTTDPSFL,0.00865232709760589,orf1ab,B38:01
AEAELAKNVSL,0.00767693687216262,orf1ab,B40:01
AEIRASANL,0.041511322434587,S,B40:01
AEIVDTVSAL,0.000883167232320729,orf1ab,B40:01
AELAKNVSL,0.000244719984325325,orf1ab,B40:01
AEWFLAYIL,0.0464531465339426,orf1ab,B40:01
CEFCGTENL,0.037063680745167,orf1ab,B40:01
GEAANFCAL,0.011327245090789,orf1ab,B40:01
GECPNFVFPL,0.0464531465339426,orf1ab,B40:01
GETLPTEVL,0.000244719984325325,orf1ab,B40:01
GEVITFDNL,0.041511322434587,orf1ab,B40:01
GEYSHVVAF,0.00351535192472761,orf1ab,B40:01
HEETIYNLL,0.041511322434587,orf1ab,B40:01
HEFCSQHTM,0.00399471809628137,orf1ab,B40:01
HEGKTFYVL,0.041511322434587,orf1ab,B40:01
HEVLLAPLL,0.010428952926916,orf1ab,B40:01
LEFGATSAAL,0.0464531465339426,orf1ab,B40:01
LEYHDVRVVL,0.0305572193146865,ORF8,B40:01
NETLVTMPL,0.0464531465339426,orf1ab,B40:01
QEYADVFHL,0.0281339195237733,orf1ab,B40:01
REAVGTNLPL,0.0464531465339426,orf1ab,B40:01
REVGFVVPGL,0.0464531465339426,orf1ab,B40:01
SELVIGAVIL,0.0464531465339426,M,B40:01
SEVGPEHSL,0.00190092897604907,orf1ab,B40:01
TEEVGHTDL,0.037063680745167,orf1ab,B40:01
TEVVGDIIL,0.041511322434587,orf1ab,B40:01
YENFNQHEVL,0.0464531465339426,orf1ab,B40:01
AEAELAKNVSL,0.0399172071619961,orf1ab,B40:02
AELAKNVSL,0.00174707549730224,orf1ab,B40:02
AEWFLAYIL,0.0193011860720357,orf1ab,B40:02
GEAANFCAL,0.0493252532952024,orf1ab,B40:02
GETLPTEVL,0.00396167824036141,orf1ab,B40:02
GEYSHVVAF,0.00174707549730224,orf1ab,B40:02
HEFCSQHTM,0.0160332603878815,orf1ab,B40:02
HEGKTFYVL,0.0142266958371343,orf1ab,B40:02
KEIDRLNEV,0.0121211448532384,S,B40:02
KENSYTTTI,0.0163799254773492,orf1ab,B40:02
QEYADVFHL,0.0371432112937074,orf1ab,B40:02
SEVGPEHSL,0.00702198381686078,orf1ab,B40:02
VEKGVLPQL,0.0487182626810895,orf1ab,B40:02
YENFNQHEV,0.0493252532952024,orf1ab,B40:02
AEWFLAYILF,0.0300565730726354,orf1ab,B44:02
EEAIRHVRAW,0.00492980210926424,orf1ab,B44:02
EEFEPSTQY,0.00427645484177139,orf1ab,B44:02
EELKKLLEQW,0.0181270623143742,M,B44:02
GEYSHVVAF,0.0180339438435812,orf1ab,B44:02
KEIKESVQTF,0.007041243896852,orf1ab,B44:02
MEVTPSGTW,0.0191789561511102,N,B44:02
QEILGTVSW,0.00027724635944781,orf1ab,B44:02
QELGKYEQY,0.0181270623143742,S,B44:02
QEYADVFHLY,0.000404317607528057,orf1ab,B44:02
REHEHEIAW,0.000948650193773231,orf1ab,B44:02
SEFSSLPSY,0.00182263810377727,orf1ab,B44:02
SEMVMCGGSLY,0.0300565730726354,orf1ab,B44:02
VENPDILRVY,0.0132676140157749,orf1ab,B44:02
VENPHLMGW,0.00027724635944781,orf1ab,B44:02
AEWFLAYILF,0.0407737489459452,orf1ab,B44:03
EEAIRHVRAW,0.0282919890645334,orf1ab,B44:03
EEFEPSTQY,0.00621492859554669,orf1ab,B44:03
GEFKLASHMY,0.0407737489459452,orf1ab,B44:03
GEYSHVVAF,0.00141779018628018,orf1ab,B44:03
KEIKESVQTF,0.00770965825776678,orf1ab,B44:03
MEVTPSGTW,0.0266277544136785,N,B44:03
QEILGTVSW,0.000405082910365765,orf1ab,B44:03
QELGKYEQY,0.00770965825776678,S,B44:03
QEYADVFHLY,0.000583795959056543,orf1ab,B44:03
QEYADVFHLYLQY,0.0407737489459452,orf1ab,B44:03
REHEHEIAW,0.00055912852416683,orf1ab,B44:03
SEFSSLPSY,0.000763425484920095,orf1ab,B44:03
TEISFMLW,0.0407737489459452,orf1ab,B44:03
TELEPPCRF,0.0286702916460702,orf1ab,B44:03
VENPDILRVY,0.014317936764424,orf1ab,B44:03
VENPHLMGW,0.00141779018628018,orf1ab,B44:03
AEIRASANLA,0.0308472343989634,S,B45:01
AEIVDTVSA,0.000168386384996484,orf1ab,B45:01
MEIDFLELA,0.00969243703792566,orf1ab,B45:01
MELPTGVHA,0.0228696332390034,orf1ab,B45:01
QEAYEQAVA,0.0291798163233438,orf1ab,B45:01
QESPFVMMSA,0.0308472343989634,orf1ab,B45:01
REAACCHLA,0.0308472343989634,orf1ab,B45:01
SEFRVYSSA,0.00275413511460183,S,B45:01
TEVPVAIHA,0.0190275348548508,S,B45:01
YENAFLPFA,0.0308472343989634,orf1ab,B45:01
FAFPFTIYSL,0.0307013417211993,ORF10,B46:01
FAIGLALYY,0.00268055363637111,orf1ab,B46:01
FAVDAAKAY,0.00105975376321649,orf1ab,B46:01
KAYNVTQAF,0.00427213235796646,N,B46:01
LAKDTTEAF,0.00448223722803038,orf1ab,B46:01
LTKHPNQEY,0.0231873364050405,orf1ab,B46:01
TLKEILVTY,0.0077291121350135,orf1ab,B46:01
VARDLSLQF,0.00448223722803038,orf1ab,B46:01
VATSRTLSY,0.0246720647471525,M,B46:01
VVIPDYNTY,0.0256879315075449,orf1ab,B46:01
VVYRGTTTY,0.0345181579632634,orf1ab,B46:01
YAFEHIVY,0.0499976941233686,orf1ab,B46:01
YLFDESGEF,0.0340122707303482,orf1ab,B46:01
YTPSKLIEY,0.0362157722893256,orf1ab,B46:01
YVNTFSSTF,0.0337812091085388,orf1ab,B46:01
CPAEIVDTV,0.0248289742871573,orf1ab,B51:01
DAPAHISTI,0.00109147900400382,orf1ab,B51:01
FPFTIYSLL,0.0270607922006097,ORF10,B51:01
FPLCANGQV,0.0315244280275144,orf1ab,B51:01
FPLNSIIKTI,0.0315244280275144,orf1ab,B51:01
FPRGQGVPI,0.0315244280275144,N,B51:01
IPTNFTISV,0.0244629561493512,S,B51:01
IPYNSVTSSI,0.0315244280275144,ORF3a,B51:01
LPFAMGII,0.0315244280275144,orf1ab,B51:01
LPIDKCSRI,0.00671213898193488,orf1ab,B51:01
LPIDKCSRII,0.0315244280275144,orf1ab,B51:01
LPLVSSQCV,0.00671213898193488,S,B51:01
LPQNAVVKI,0.000365179329469752,orf1ab,B51:01
LPWNVVRI,0.000365179329469752,orf1ab,B51:01
LPWNVVRIKI,0.0315244280275144,orf1ab,B51:01
LPYPDPSRI,8.82371107091985E-05,orf1ab,B51:01
MPASWVMRI,0.00171511190694783,orf1ab,B51:01
MPLKAPKEI,0.00761714648511711,orf1ab,B51:01
MPLSAPTL,0.00599934546172941,orf1ab,B51:01
MPLSAPTLV,0.000376358288535153,orf1ab,B51:01
VPFWITIAYI,0.0315244280275144,orf1ab,B51:01
VPQEHYVRI,0.0270607922006097,orf1ab,B51:01
VPYCYDTNV,0.00671213898193488,orf1ab,B51:01
VPYNMRVI,0.00739089460932156,orf1ab,B51:01
YPSLETIQI,0.0244629561493512,orf1ab,B51:01
CPIHFYSKW,0.0159479323338592,ORF8,B53:01
DPYEDFQENW,0.0322297029641807,orf1ab,B53:01
FAMQMAYRF,0.0159479323338592,S,B53:01
FAVHFISNSW,0.0395073778270602,orf1ab,B53:01
FPFTIYSL,0.0464792680318356,ORF10,B53:01
FPFTIYSLL,0.0457453848523855,ORF10,B53:01
FPFTIYSLLL,0.0395073778270602,ORF10,B53:01
FPNITNLCPF,0.0395073778270602,S,B53:01
HADQLTPTW,0.00208954596408123,S,B53:01
IPFAMQMAY,0.0159479323338592,S,B53:01
IPIQASLPF,0.0159479323338592,ORF3a,B53:01
IPLMYKGLPW,0.0457453848523855,orf1ab,B53:01
LAAVNSVPW,0.0457453848523855,orf1ab,B53:01
LPFFSNVTW,0.000294059494313931,S,B53:01
LPFFSNVTWF,0.0395073778270602,S,B53:01
LPFNDGVYF,0.000294059494313931,S,B53:01
LPNNTASW,0.0464792680318356,N,B53:01
LPNNTASWF,0.0457453848523855,N,B53:01
LPSLATVAY,0.0030133869690735,orf1ab,B53:01
LPVNVAFEL,0.0464792680318356,orf1ab,B53:01
LPVNVAFELW,0.00430155239096752,orf1ab,B53:01
LPYGANKDGIIW,0.00746498135520482,N,B53:01
MPASWVMRI,0.0109956796617661,orf1ab,B53:01
MPASWVMRIMTW,0.0159479323338592,orf1ab,B53:01
MPYFFTLLL,0.0159479323338592,orf1ab,B53:01
NPFMIDVQQW,0.0322297029641807,orf1ab,B53:01
QPTESIVRF,0.00642817838920415,S,B53:01
TAFGLVAEW,0.0253356488541955,orf1ab,B53:01
TASDTYACW,0.030566234424094,orf1ab,B53:01
TPLGIDLDEW,0.0322297029641807,orf1ab,B53:01
VPANSTVLSF,0.0322643585587659,orf1ab,B53:01
VPFWITIAY,0.0464792680318356,orf1ab,B53:01
VPWDTIANY,0.0340202420177463,orf1ab,B53:01
WPWYIWLGF,0.0457453848523855,S,B53:01
YPANSIVCRF,0.0395073778270602,orf1ab,B53:01
YPKLQSSQAW,0.0322297029641807,orf1ab,B53:01
YPNASFDNF,0.00122337728550452,orf1ab,B53:01
CPFGEVFNA,0.0302162609165874,S,B54:01
FPFNKWGKA,0.0127136590656419,orf1ab,B54:01
FPLKLRGTA,0.0127136590656419,orf1ab,B54:01
FPQSAPHGV,0.0274281562793192,S,B54:01
FPRGQGVPI,0.0366911739701419,N,B54:01
IPIGAGICA,0.00730955736756452,S,B54:01
KPTVVVNAA,0.0266190869979461,orf1ab,B54:01
LPFAMGIIA,0.000206384378334038,orf1ab,B54:01
LPFFSNVTWFHA,0.0334537174433647,S,B54:01
LPFKLTCA,0.0267629739546917,orf1ab,B54:01
LPFKLTCAT,0.0334537174433647,orf1ab,B54:01
LPFNDGVYFA,0.0366911739701419,S,B54:01
LPSYAAFATA,0.0115918656186735,orf1ab,B54:01
LPYPDPSRILGA,0.0235769056267522,orf1ab,B54:01
MPILTLTRA,0.000917573790160792,orf1ab,B54:01
MPILTLTRALTA,0.0334537174433647,orf1ab,B54:01
MPLSAPTLV,0.00324604061250431,orf1ab,B54:01
MPNMLRIMA,0.00080833881514165,orf1ab,B54:01
MPVCVETKA,0.00295962526434216,orf1ab,B54:01
SPIFLIVAA,0.000206384378334038,ORF7a,B54:01
TPLIQPIGA,0.0289007230263414,orf1ab,B54:01
VPNQPYPNA,0.0328062261380092,orf1ab,B54:01
YPSARIVYTA,0.0334537174433647,orf1ab,B54:01
AIKITEHSW,0.026099482291116,orf1ab,B57:01
ASFRLFARTRSMW,0.0326027901719823,M,B57:01
ASWVMRIMTW,0.0326027901719823,orf1ab,B57:01
ATVHTANKW,0.000583715254814997,orf1ab,B57:01
ATYKPNTW,0.0307915240513166,orf1ab,B57:01
ATYKPNTWCIRCLW,0.0326027901719823,orf1ab,B57:01
IAIAMACLVGLMW,0.0326027901719823,M,B57:01
IAYIICISTKHFYW,0.0326027901719823,orf1ab,B57:01
ISMDNSPNLAW,0.0262633587496524,orf1ab,B57:01
KALNLGETF,0.0268671141232076,orf1ab,B57:01
KATYKPNTW,0.00254528365925005,orf1ab,B57:01
KAYKIEELF,0.00254528365925005,orf1ab,B57:01
KAYNVTQAF,0.0307915240513166,N,B57:01
KSAGFPFNKW,0.000152347969731773,orf1ab,B57:01
KSHKPPISF,0.026099482291116,orf1ab,B57:01
KSHNIALIW,0.000152347969731773,orf1ab,B57:01
KSPNFSKLINIIIW,0.0326027901719823,orf1ab,B57:01
KSYELQTPF,0.0326027901719823,orf1ab,B57:01
KTTLPVNVAFELW,0.0326027901719823,orf1ab,B57:01
LSDRELHLSW,0.0326027901719823,orf1ab,B57:01
LSDRVVFVLW,0.0326027901719823,orf1ab,B57:01
LTAFGLVAEW,0.0270137404282139,orf1ab,B57:01
LTNDNTSRYW,0.00685465961501191,orf1ab,B57:01
LTNDVSFLAHIQW,0.0326027901719823,orf1ab,B57:01
MACLVGLMW,0.0270137404282139,M,B57:01
MSALNHTKKW,0.0021709772387721,orf1ab,B57:01
RSFIEDLLF,0.0326027901719823,S,B57:01
RTFKVSIW,0.00975215424499176,ORF6,B57:01
RTIKGTHHW,0.000152347969731773,orf1ab,B57:01
RTVYDDGARRVW,0.00160813128797933,orf1ab,B57:01
SALNHTKKW,0.00210894931766433,orf1ab,B57:01
TAFGLVAEW,0.00826611169337397,orf1ab,B57:01
TTFTYASALW,0.0326027901719823,orf1ab,B57:01
TTLPVNVAFELW,0.00831801391484592,orf1ab,B57:01
VAIKITEHSW,0.00248808627364892,orf1ab,B57:01
VSFLAHIQW,0.000649383220981684,orf1ab,B57:01
VTCGTTTLNGLW,0.0262633587496524,orf1ab,B57:01
FAQDGNAAI,0.0305678315002144,orf1ab,C03:03
FASEAARVV,0.00402288510272014,orf1ab,C03:03
FAVDAAKAY,0.0240383034798087,orf1ab,C03:03
FGADPIHSL,0.0146931089227921,orf1ab,C03:03
FVSDADSTL,0.0373166044496079,orf1ab,C03:03
HANEYRLYL,0.00864300524870126,orf1ab,C03:03
ITFDNLKTL,0.0315675477416851,orf1ab,C03:03
VADAVIKTL,0.0170855284168914,orf1ab,C03:03
YADVFHLYL,0.00946488611590905,orf1ab,C03:03
LFDESGEF,0.0373155231876193,orf1ab,C04:01
LYDKLVSSF,0.00203004128613867,orf1ab,C04:01
MFDAYVNTF,0.000224857254204222,orf1ab,C04:01
MYDPKTKNV,0.00203004128613867,orf1ab,C04:01
TFDNLKTLL,0.000224857254204222,orf1ab,C04:01
VYDDGARRV,0.0198032598933527,orf1ab,C04:01
VYDPLQPEL,0.000224857254204222,S,C04:01
FADDLNQL,0.0209585833665243,orf1ab,C05:01
FGDDTVIEV,0.00266576616778218,orf1ab,C05:01
FVDGVPFVV,0.00266576616778218,orf1ab,C05:01
IADKYVRNL,0.00481107322661641,orf1ab,C05:01
ISDEFSSNV,0.0286697602655286,orf1ab,C05:01
IVDEPEEHV,0.00266576616778218,ORF3a,C05:01
IVDTVSALV,0.0463126896597,orf1ab,C05:01
KVDGVDVEL,0.00159945970066931,orf1ab,C05:01
KVDGVVQQL,0.0069677612247548,orf1ab,C05:01
LSDDAVVCF,0.0286697602655286,orf1ab,C05:01
MADQAMTQM,0.0006119304923405,orf1ab,C05:01
MLDMYSVML,0.0463126896597,orf1ab,C05:01
SSDNIALLV,0.0463126896597,M,C05:01
TLDSKTQSL,0.0069677612247548,S,C05:01
VADAVIKTL,0.00777173367376496,orf1ab,C05:01
VSDIDITFL,0.00953137148669288,orf1ab,C05:01
VTDVTQLYL,0.00777173367376496,orf1ab,C05:01
VVDSYYSLL,0.0463126896597,orf1ab,C05:01
VYDPLQPEL,0.0472427788723275,S,C05:01
YADVFHLYL,0.0006119304923405,orf1ab,C05:01
YGDFSHSQL,0.00481107322661641,orf1ab,C05:01
YIDIGNYTV,0.0106311451197728,ORF8,C05:01
YLDAYNMMI,0.0463126896597,orf1ab,C05:01
YSDVENPHL,0.0006119304923405,orf1ab,C05:01
YVDNSSLTI,0.0129528894562749,orf1ab,C05:01
FASEAARVV,0.0127403016695376,orf1ab,C06:02
IRQEEVQEL,0.0211327226105821,ORF7a,C06:02
KRVDWTIEY,0.0456798251163429,orf1ab,C06:02
NRFLYIIKL,0.006221315534891,M,C06:02
VRFPNITNL,0.006221315534891,S,C06:02
VRIKIVQML,0.0211327226105821,orf1ab,C06:02
VRSIFSRTL,0.0211327226105821,orf1ab,C06:02
IRQEEVQEL,0.0269087795973583,ORF7a,C07:01
KRVDWTIEY,0.0080726338792075,orf1ab,C07:01
NRFLYIIKL,0.0108579286094604,M,C07:01
SRYWEPEFY,0.0487491246815156,orf1ab,C07:01
VRFPNITNL,0.0080726338792075,S,C07:01
YRGTTTYKL,0.0269087795973583,orf1ab,C07:01
IYNDKVAGF,0.047818934765673,orf1ab,C07:02
KRVDWTIEY,0.0107237230639785,orf1ab,C07:02
NYMPYFFTL,0.0189817071291325,orf1ab,C07:02
VRFPNITNL,0.00539883988738229,S,C07:02
VYMPASWVM,0.0490538498842751,orf1ab,C07:02
WRNTNPIQL,0.0490538498842751,orf1ab,C07:02
YYPSARIVY,0.0436880560908606,orf1ab,C07:02
YYTSNPTTF,0.0221808712520201,orf1ab,C07:02
FASEAARVV,0.0122990611656982,orf1ab,C12:03
FAVDAAKAY,0.00799913232627674,orf1ab,C12:03
FAYANRNRF,0.0357764004066798,M,C12:03
FAYTKRNVI,0.0152404882598853,orf1ab,C12:03
HANEYRLYL,0.0404377436337461,orf1ab,C12:03
ITFDNLKTL,0.0189735516763515,orf1ab,C12:03
KAYNVTQAF,0.0152404882598853,N,C12:03
VAYFNMVYM,0.0445396085961812,orf1ab,C12:03
YAKPFLNKV,0.0152404882598853,orf1ab,C12:03
YVYSRVKNL,0.0189735516763515,E,C12:03
FFITGNTL,0.0196404320987654,orf1ab,C14:02
FYLTNDVSF,0.0266908436213992,orf1ab,C14:02
IFFITGNTL,0.029014274691358,orf1ab,C14:02
IYNDKVAGF,0.00709237825788752,orf1ab,C14:02
MFDAYVNTF,0.029014274691358,orf1ab,C14:02
NYMPYFFTL,0.0394296553497942,orf1ab,C14:02
SFSASTSAF,0.0286882716049383,orf1ab,C14:02
SFYEDFLEY,0.017212962962963,ORF8,C14:02
SYSGQSTQL,0.0286882716049383,orf1ab,C14:02
TYFTQSRNL,0.0389866255144033,orf1ab,C14:02
VYDPLQPEL,0.0174085648148148,S,C14:02
VYIGDPAQL,0.029014274691358,orf1ab,C14:02
VYMPASWVM,0.0212920138888889,orf1ab,C14:02
YFMRFRRAF,0.0210527777777778,orf1ab,C14:02
YFVVKRHTF,0.0286882716049383,orf1ab,C14:02
YYHTTDPSF,0.0311006944444444,orf1ab,C14:02
YYPSARIVY,0.00187948023834019,orf1ab,C14:02
YYQLYSTQL,0.00760239197530864,ORF3a,C14:02
YYTSNPTTF,0.0126706532921811,orf1ab,C14:02
HANEYRLYL,0.00975148245898758,orf1ab,C15:02
RAMPNMLRI,0.0300670709152117,orf1ab,C15:02
RTIKVFTTV,0.00843371455912439,orf1ab,C15:02
TVYSHLLLV,0.0452085868272279,ORF3a,C15:02
YADVFHLYL,0.0200932483598025,orf1ab,C15:02
,,,
Column definitions:,,,
SARS-CoV-2 peptide,The SARS-CoV-2 peptide,,
peptideFDR,The calculated peptideFDR of the pepetide specified by SARS-CoV-2 peptide column,,
gene,The source gene of peptide,,
MHC,The predicted MHC allele restriction  of peptide,,